{
  "n_estimators": 189,
  "max_depth": 3,
  "learning_rate": 0.07370830083467442,
  "subsample": 0.7515682299100873,
  "colsample_bytree": 0.6534759318391381,
  "min_child_weight": 10
}